"Alt","Year","Hatch_Date","Retention","Develop_Mod","Drift_Mod","anoxic_layer"
"1",1930,1930-06-17,0.00935819714802195,"New",0.9,FALSE
"1",1930,1930-06-24,0.0509006678078962,"New",0.9,FALSE
"1",1966,1966-06-21,0.414314764697038,"New",0.9,FALSE
"1",1966,1966-06-25,0.999424806064961,"New",0.9,FALSE
"1",1966,1966-07-02,0.999999992227938,"New",0.9,FALSE
"1",1975,1975-07-02,0.943271048307416,"New",0.9,FALSE
"1",1975,1975-07-09,0.22645953384813,"New",0.9,FALSE
"1",1975,1975-07-07,0.184124975720292,"New",0.9,FALSE
"1",1975,1975-07-16,0.479486694062616,"New",0.9,FALSE
"1",1976,1976-06-21,0.436627852527964,"New",0.9,FALSE
"1",1980,1980-06-21,0.431593358845001,"New",0.9,FALSE
"1",1980,1980-06-18,0.430693994413511,"New",0.9,FALSE
"1",1980,1980-06-25,0.999999939127056,"New",0.9,FALSE
"1",1983,1983-06-21,0.244027511858602,"New",0.9,FALSE
"1",1983,1983-06-18,0.0678823863229669,"New",0.9,FALSE
"1",1983,1983-06-23,0.810491835286539,"New",0.9,FALSE
"1",1983,1983-06-25,0.994369974860969,"New",0.9,FALSE
"1",1985,1985-06-21,0.00726951169055249,"New",0.9,FALSE
"1",1985,1985-06-18,0.0077342009923576,"New",0.9,FALSE
"1",1985,1985-06-25,0.342680592987859,"New",0.9,FALSE
"1",1986,1986-06-14,0.999999980167405,"New",0.9,FALSE
"1",1986,1986-06-10,0.469160066954446,"New",0.9,FALSE
"1",1986,1986-06-17,0.999999999469728,"New",0.9,FALSE
"1",1987,1987-06-21,0.966916283741874,"New",0.9,FALSE
"1",1987,1987-06-10,0.513329322609115,"New",0.9,FALSE
"1",1987,1987-06-15,0.643538190038825,"New",0.9,FALSE
"1",1987,1987-06-17,0.795081303223583,"New",0.9,FALSE
"1",1987,1987-06-18,0.788346150688552,"New",0.9,FALSE
"1",1987,1987-06-25,0.999600479371481,"New",0.9,FALSE
"1",1997,1997-07-02,0.926029980468566,"New",0.9,FALSE
"1",2000,2000-06-14,1.6950056712458e-05,"New",0.9,FALSE
"1",2000,2000-06-21,0.639833784458608,"New",0.9,FALSE
"1",2011,2011-06-25,1.56413379083757e-05,"New",0.9,FALSE
"1",2011,2011-07-02,0.000346750086537048,"New",0.9,FALSE
"1",2011,2011-07-09,0.000846570252871309,"New",0.9,FALSE
"1",2011,2011-07-16,0.00792160803675501,"New",0.9,FALSE
"1",2012,2012-06-21,0.0332053584551859,"New",0.9,FALSE
"1a",1975,1975-07-02,0.88750491217959,"New",0.9,FALSE
"1a",1975,1975-07-07,0.183010798156434,"New",0.9,FALSE
"1a",1975,1975-07-09,0.225389180200802,"New",0.9,FALSE
"1a",1975,1975-07-16,0.477864015037368,"New",0.9,FALSE
"1a",1987,1987-06-14,0.999380854373202,"New",0.9,FALSE
"1a",1987,1987-06-07,0.477039144090501,"New",0.9,FALSE
"1a",1997,1997-07-02,0.926092256305868,"New",0.9,FALSE
"1a",2000,2000-06-21,0.00495835919419799,"New",0.9,FALSE
"1a",2011,2011-06-25,1.55778497563893e-05,"New",0.9,FALSE
"1a",2011,2011-07-02,0.000336366502451487,"New",0.9,FALSE
"1a",2011,2011-07-09,0.000708085701241882,"New",0.9,FALSE
"1a",2011,2011-07-16,0.00383899539864638,"New",0.9,FALSE
"1a",2012,2012-06-21,0.0133889840459283,"New",0.9,FALSE
"1b",1930,1930-06-22,0.0195608581274344,"New",0.9,FALSE
"1b",1930,1930-06-24,0.0382899742513695,"New",0.9,FALSE
"1b",1930,1930-06-26,0.0415733470836589,"New",0.9,FALSE
"1b",1949,1949-06-21,0.548682496769465,"New",0.9,FALSE
"1b",1949,1949-06-17,0.00372751661520184,"New",0.9,FALSE
"1b",1949,1949-06-24,0.154039612198563,"New",0.9,FALSE
"1b",1966,1966-06-21,0.0180473504823791,"New",0.9,FALSE
"1b",1975,1975-07-02,0.739564292784624,"New",0.9,FALSE
"1b",1975,1975-07-09,0.216837268965446,"New",0.9,FALSE
"1b",1975,1975-07-16,0.468421347343877,"New",0.9,FALSE
"1b",1975,1975-07-07,0.111334053155547,"New",0.9,FALSE
"1b",1976,1976-06-21,0.43578841548753,"New",0.9,FALSE
"1b",1980,1980-06-21,0.0978946496367839,"New",0.9,FALSE
"1b",1980,1980-06-19,0.17966364923131,"New",0.9,FALSE
"1b",1980,1980-06-26,0.920358103673556,"New",0.9,FALSE
"1b",1980,1980-06-24,0.451448982764017,"New",0.9,FALSE
"1b",1983,1983-06-21,0.151434153611437,"New",0.9,FALSE
"1b",1983,1983-06-28,0.992373728835815,"New",0.9,FALSE
"1b",1983,1983-06-26,0.926715319937002,"New",0.9,FALSE
"1b",1983,1983-06-30,0.99859861707158,"New",0.9,FALSE
"1b",1985,1985-06-25,0.0358903276761249,"New",0.9,FALSE
"1b",1985,1985-06-21,0.00472113616837605,"New",0.9,FALSE
"1b",1985,1985-06-28,0.660474698674446,"New",0.9,FALSE
"1b",1985,1985-06-26,0.0227479317049752,"New",0.9,FALSE
"1b",1985,1985-06-30,0.950817073926086,"New",0.9,FALSE
"1b",1986,1986-06-07,0.176596190596755,"New",0.9,FALSE
"1b",1986,1986-06-14,0.999999989568193,"New",0.9,FALSE
"1b",1987,1987-06-21,0.576531632535863,"New",0.9,FALSE
"1b",1987,1987-06-18,0.398040784483345,"New",0.9,FALSE
"1b",1987,1987-06-25,0.751643768866815,"New",0.9,FALSE
"1b",1987,1987-06-23,0.559660413111101,"New",0.9,FALSE
"1b",1987,1987-06-27,0.90046026421467,"New",0.9,FALSE
"1b",1994,1994-06-21,0.475550887405753,"New",0.9,FALSE
"1b",1994,1994-06-14,0.00994085340721991,"New",0.9,FALSE
"1b",1994,1994-06-22,0.369865286133273,"New",0.9,FALSE
"1b",1994,1994-06-24,0.827905791003459,"New",0.9,FALSE
"1b",2000,2000-06-21,0.00328347565383886,"New",0.9,FALSE
"1b",2000,2000-06-14,0.020880885287626,"New",0.9,FALSE
"1b",2000,2000-06-23,0.995985577016135,"New",0.9,FALSE
"1b",2011,2011-06-25,1.47699334582198e-05,"New",0.9,FALSE
"1b",2011,2011-07-02,0.000317789001845333,"New",0.9,FALSE
"1b",2011,2011-07-09,0.000487231785951765,"New",0.9,FALSE
"1b",2011,2011-07-16,0.00356815569949718,"New",0.9,FALSE
"1b",2012,2012-06-21,0.0143833093003029,"New",0.9,FALSE
"2",1975,1975-07-02,0.938512434901207,"New",0.9,FALSE
"2",1975,1975-07-09,0.217133998718064,"New",0.9,FALSE
"2",1975,1975-07-07,0.111725684945816,"New",0.9,FALSE
"2",1976,1976-06-21,0.371038700266898,"New",0.9,FALSE
"2",1980,1980-06-21,0.468147722981561,"New",0.9,FALSE
"2",1980,1980-06-14,0.16901937509087,"New",0.9,FALSE
"2",1980,1980-06-26,0.999999999988417,"New",0.9,FALSE
"2",1983,1983-06-21,0.167669452411318,"New",0.9,FALSE
"2",1983,1983-06-14,0.0273242746165453,"New",0.9,FALSE
"2",1983,1983-06-26,0.982618289658259,"New",0.9,FALSE
"2",1985,1985-06-21,0.0238359761049204,"New",0.9,FALSE
"2",1985,1985-06-14,0.00344149829367024,"New",0.9,FALSE
"2",1985,1985-06-26,0.984181566962378,"New",0.9,FALSE
"2",1986,1986-06-14,0.999999986714035,"New",0.9,FALSE
"2",1986,1986-06-07,0.0454035288966987,"New",0.9,FALSE
"2",1986,1986-06-16,0.99999999998605,"New",0.9,FALSE
"2",1987,1987-06-21,0.838176547329303,"New",0.9,FALSE
"2",1987,1987-06-07,0.247738982303876,"New",0.9,FALSE
"2",1987,1987-06-10,0.503268756589823,"New",0.9,FALSE
"2",1987,1987-06-15,0.669471341037498,"New",0.9,FALSE
"2",1987,1987-06-17,0.779478352855495,"New",0.9,FALSE
"2",1987,1987-06-19,0.732207338747541,"New",0.9,FALSE
"2",1997,1997-07-02,0.933414633520504,"New",0.9,FALSE
"2",2000,2000-06-21,0.00791620170783787,"New",0.9,FALSE
"2",2011,2011-06-25,1.42767207537929e-05,"New",0.9,FALSE
"2",2011,2011-07-02,0.000318001875785415,"New",0.9,FALSE
"2",2011,2011-07-09,0.000664054584279687,"New",0.9,FALSE
"2",2011,2011-07-16,0.0058238313983746,"New",0.9,FALSE
"2",2012,2012-06-21,0.0260914802795899,"New",0.9,FALSE
"2a",1975,1975-07-02,0.894545028067049,"New",0.9,FALSE
"2a",1975,1975-07-09,0.230429616820162,"New",0.9,FALSE
"2a",1975,1975-07-07,0.121486763552671,"New",0.9,FALSE
"2a",1987,1987-06-14,0.98014999305741,"New",0.9,FALSE
"2a",1987,1987-06-07,0.43643943809809,"New",0.9,FALSE
"2a",1987,1987-06-18,0.99976037885659,"New",0.9,FALSE
"2a",1997,1997-07-07,0.988297061414559,"New",0.9,FALSE
"2a",2000,2000-06-21,0.00756379533731802,"New",0.9,FALSE
"2a",2011,2011-06-25,1.55903944250537e-05,"New",0.9,FALSE
"2a",2011,2011-07-02,0.000345796588896005,"New",0.9,FALSE
"2a",2011,2011-07-09,0.00084435308704748,"New",0.9,FALSE
"2a",2011,2011-07-16,0.0079045406481967,"New",0.9,FALSE
"2b",1930,1930-06-22,0.0234163551260465,"New",0.9,FALSE
"2b",1930,1930-06-24,0.0445878006603342,"New",0.9,FALSE
"2b",1930,1930-06-26,0.0771272638845888,"New",0.9,FALSE
"2b",1949,1949-06-21,0.393426694004214,"New",0.9,FALSE
"2b",1949,1949-06-16,0.00201763272184013,"New",0.9,FALSE
"2b",1949,1949-06-23,0.530371230727595,"New",0.9,FALSE
"2b",1966,1966-06-21,0.0218076818248751,"New",0.9,FALSE
"2b",1966,1966-06-25,0.176761282300349,"New",0.9,FALSE
"2b",1966,1966-07-02,0.999999996608076,"New",0.9,FALSE
"2b",1975,1975-07-02,0.90362005930207,"New",0.9,FALSE
"2b",1975,1975-07-09,0.218351435994605,"New",0.9,FALSE
"2b",1975,1975-07-07,0.175750079840153,"New",0.9,FALSE
"2b",1976,1976-06-21,0.436068779697282,"New",0.9,FALSE
"2b",1980,1980-06-21,0.0939560058908657,"New",0.9,FALSE
"2b",1980,1980-06-18,0.173518915264667,"New",0.9,FALSE
"2b",1980,1980-06-25,0.652241525018748,"New",0.9,FALSE
"2b",1980,1980-06-23,0.298195592998049,"New",0.9,FALSE
"2b",1980,1980-06-27,0.766181597117898,"New",0.9,FALSE
"2b",1982,1982-06-21,0.999855791356087,"New",0.9,FALSE
"2b",1983,1983-06-21,0.14033118130999,"New",0.9,FALSE
"2b",1983,1983-06-18,0.0480568240664553,"New",0.9,FALSE
"2b",1983,1983-06-25,0.929863982657662,"New",0.9,FALSE
"2b",1983,1983-06-23,0.490193566648992,"New",0.9,FALSE
"2b",1983,1983-06-27,0.997714101676052,"New",0.9,FALSE
"2b",1985,1985-06-21,0.00396432228611101,"New",0.9,FALSE
"2b",1985,1985-06-18,0.00472880793342876,"New",0.9,FALSE
"2b",1985,1985-06-23,0.00929422059323698,"New",0.9,FALSE
"2b",1985,1985-06-25,0.0252528059250227,"New",0.9,FALSE
"2b",1985,1985-06-27,0.0576444379016577,"New",0.9,FALSE
"2b",1986,1986-06-14,0.999999991230373,"New",0.9,FALSE
"2b",1986,1986-06-07,0.101228048867038,"New",0.9,FALSE
"2b",1986,1986-06-17,0.999999999479695,"New",0.9,FALSE
"2b",1986,1986-06-15,0.99999999995778,"New",0.9,FALSE
"2b",1987,1987-06-21,0.491652836440966,"New",0.9,FALSE
"2b",1987,1987-06-18,0.443552119565506,"New",0.9,FALSE
"2b",1987,1987-06-25,0.744780284127331,"New",0.9,FALSE
"2b",1987,1987-06-23,0.586618581158207,"New",0.9,FALSE
"2b",1997,1997-07-02,0.926028239935191,"New",0.9,FALSE
"2b",2000,2000-06-21,0.00499039396310663,"New",0.9,FALSE
"2b",2000,2000-06-14,0.0557323092175058,"New",0.9,FALSE
"2b",2011,2011-06-25,1.4416854127855e-05,"New",0.9,FALSE
"2b",2011,2011-07-02,0.000329447845164108,"New",0.9,FALSE
"2b",2011,2011-07-09,0.00059907833323296,"New",0.9,FALSE
"2b",2011,2011-07-16,0.00766415007052182,"New",0.9,FALSE
"2b",2012,2012-06-21,0.0145292254330998,"New",0.9,FALSE
"NA",1953,1953-07-14,0.0232106509844328,"New",0.9,FALSE
"NA",1975,1975-07-02,0.903490125274516,"New",0.9,FALSE
"NA",1975,1975-07-09,0.217941328611492,"New",0.9,FALSE
"NA",1975,1975-07-16,0.470139212926708,"New",0.9,FALSE
"NA",1975,1975-07-07,0.175314611963609,"New",0.9,FALSE
"NA",1976,1976-06-21,0.436319237823661,"New",0.9,FALSE
"NA",1997,1997-07-02,0.925967584185768,"New",0.9,FALSE
"NA",2011,2011-06-25,1.50846927094692e-05,"New",0.9,FALSE
"NA",2011,2011-07-02,0.000345796588896005,"New",0.9,FALSE
"NA",2011,2011-07-09,0.000635945160567623,"New",0.9,FALSE
"NA",2011,2011-07-16,0.00496612652173568,"New",0.9,FALSE
"1",1930,1930-06-17,0.00611942364491946,"New",1,FALSE
"1",1930,1930-06-24,0.0203138696141968,"New",1,FALSE
"1",1966,1966-06-21,0.11759414233102,"New",1,FALSE
"1",1966,1966-06-25,0.95031599853085,"New",1,FALSE
"1",1966,1966-07-02,0.999975922238937,"New",1,FALSE
"1",1975,1975-07-02,0.694045889746712,"New",1,FALSE
"1",1975,1975-07-09,0.0627019790263841,"New",1,FALSE
"1",1975,1975-07-07,0.0425500332330616,"New",1,FALSE
"1",1975,1975-07-16,0.2403958688143,"New",1,FALSE
"1",1976,1976-06-21,0.150186089729552,"New",1,FALSE
"1",1980,1980-06-21,0.122959951897951,"New",1,FALSE
"1",1980,1980-06-18,0.0873269944688919,"New",1,FALSE
"1",1980,1980-06-25,0.999855199031727,"New",1,FALSE
"1",1983,1983-06-21,0.120452444069009,"New",1,FALSE
"1",1983,1983-06-18,0.0280468619442657,"New",1,FALSE
"1",1983,1983-06-23,0.519345870646196,"New",1,FALSE
"1",1983,1983-06-25,0.924758602273803,"New",1,FALSE
"1",1985,1985-06-21,0.0032179710088571,"New",1,FALSE
"1",1985,1985-06-18,0.00190190645054418,"New",1,FALSE
"1",1985,1985-06-25,0.0875669401819459,"New",1,FALSE
"1",1986,1986-06-14,0.999975886319339,"New",1,FALSE
"1",1986,1986-06-10,0.214672595340296,"New",1,FALSE
"1",1986,1986-06-17,0.999992853896222,"New",1,FALSE
"1",1987,1987-06-21,0.849935033860078,"New",1,FALSE
"1",1987,1987-06-10,0.265594770037179,"New",1,FALSE
"1",1987,1987-06-15,0.404286942516925,"New",1,FALSE
"1",1987,1987-06-17,0.548729289338879,"New",1,FALSE
"1",1987,1987-06-18,0.558018544519257,"New",1,FALSE
"1",1987,1987-06-25,0.992326187105638,"New",1,FALSE
"1",1997,1997-07-02,0.771744286373979,"New",1,FALSE
"1",2000,2000-06-14,1.35157845863537e-05,"New",1,FALSE
"1",2000,2000-06-21,0.0692859485464217,"New",1,FALSE
"1",2011,2011-06-25,2.94575679901369e-06,"New",1,FALSE
"1",2011,2011-07-02,6.26924797620023e-05,"New",1,FALSE
"1",2011,2011-07-09,0.000225758253112449,"New",1,FALSE
"1",2011,2011-07-16,0.00212214800028479,"New",1,FALSE
"1",2012,2012-06-21,0.0119158958038647,"New",1,FALSE
"1a",1975,1975-07-02,0.534842014090717,"New",1,FALSE
"1a",1975,1975-07-07,0.0421478100979784,"New",1,FALSE
"1a",1975,1975-07-09,0.0622168778532326,"New",1,FALSE
"1a",1975,1975-07-16,0.239049436759921,"New",1,FALSE
"1a",1987,1987-06-14,0.983999378932233,"New",1,FALSE
"1a",1987,1987-06-07,0.284814731857084,"New",1,FALSE
"1a",1997,1997-07-02,0.771879732602449,"New",1,FALSE
"1a",2000,2000-06-21,0.00206302909487573,"New",1,FALSE
"1a",2011,2011-06-25,2.93220935213583e-06,"New",1,FALSE
"1a",2011,2011-07-02,5.93657011915487e-05,"New",1,FALSE
"1a",2011,2011-07-09,0.000182684353479108,"New",1,FALSE
"1a",2011,2011-07-16,0.000972345016352074,"New",1,FALSE
"1a",2012,2012-06-21,0.00459335695656003,"New",1,FALSE
"1b",1930,1930-06-22,0.0109809591780593,"New",1,FALSE
"1b",1930,1930-06-24,0.0192040240818476,"New",1,FALSE
"1b",1930,1930-06-26,0.0230848556441309,"New",1,FALSE
"1b",1949,1949-06-21,0.137519572900112,"New",1,FALSE
"1b",1949,1949-06-17,0.00151180814776366,"New",1,FALSE
"1b",1949,1949-06-24,0.0290820462531152,"New",1,FALSE
"1b",1966,1966-06-21,0.00640191948531902,"New",1,FALSE
"1b",1975,1975-07-02,0.336511761862736,"New",1,FALSE
"1b",1975,1975-07-09,0.0590787491102685,"New",1,FALSE
"1b",1975,1975-07-16,0.232214905559477,"New",1,FALSE
"1b",1975,1975-07-07,0.0235821438800421,"New",1,FALSE
"1b",1976,1976-06-21,0.149626522065457,"New",1,FALSE
"1b",1980,1980-06-21,0.0184205542984142,"New",1,FALSE
"1b",1980,1980-06-19,0.02919253545238,"New",1,FALSE
"1b",1980,1980-06-26,0.540144135398466,"New",1,FALSE
"1b",1980,1980-06-24,0.118028722227291,"New",1,FALSE
"1b",1983,1983-06-21,0.0636511287208813,"New",1,FALSE
"1b",1983,1983-06-28,0.923378160817345,"New",1,FALSE
"1b",1983,1983-06-26,0.715410091281793,"New",1,FALSE
"1b",1983,1983-06-30,0.965372112256606,"New",1,FALSE
"1b",1985,1985-06-25,0.00748291727956912,"New",1,FALSE
"1b",1985,1985-06-21,0.00138495370152116,"New",1,FALSE
"1b",1985,1985-06-28,0.246512570052187,"New",1,FALSE
"1b",1985,1985-06-26,0.00542920847141316,"New",1,FALSE
"1b",1985,1985-06-30,0.522963835381327,"New",1,FALSE
"1b",1986,1986-06-07,0.0415879245404108,"New",1,FALSE
"1b",1986,1986-06-14,0.999984056528723,"New",1,FALSE
"1b",1987,1987-06-21,0.348447624944487,"New",1,FALSE
"1b",1987,1987-06-18,0.202203416097029,"New",1,FALSE
"1b",1987,1987-06-25,0.538043538172342,"New",1,FALSE
"1b",1987,1987-06-23,0.336051846726108,"New",1,FALSE
"1b",1987,1987-06-27,0.742586074889426,"New",1,FALSE
"1b",1994,1994-06-21,0.127943574733582,"New",1,FALSE
"1b",1994,1994-06-14,0.00223023145054011,"New",1,FALSE
"1b",1994,1994-06-22,0.0899921935776773,"New",1,FALSE
"1b",1994,1994-06-24,0.337566958059989,"New",1,FALSE
"1b",2000,2000-06-21,0.00133826631831832,"New",1,FALSE
"1b",2000,2000-06-14,0.00174141374830397,"New",1,FALSE
"1b",2000,2000-06-23,0.839644759961787,"New",1,FALSE
"1b",2011,2011-06-25,2.75901020922844e-06,"New",1,FALSE
"1b",2011,2011-07-02,5.56334073024981e-05,"New",1,FALSE
"1b",2011,2011-07-09,0.000119480124541301,"New",1,FALSE
"1b",2011,2011-07-16,0.000896133933460357,"New",1,FALSE
"1b",2012,2012-06-21,0.00560464806205046,"New",1,FALSE
"2",1975,1975-07-02,0.680426134581432,"New",1,FALSE
"2",1975,1975-07-09,0.0592034540334789,"New",1,FALSE
"2",1975,1975-07-07,0.0236860302867017,"New",1,FALSE
"2",1976,1976-06-21,0.11210776520522,"New",1,FALSE
"2",1980,1980-06-21,0.144994086106627,"New",1,FALSE
"2",1980,1980-06-14,0.0358260221632943,"New",1,FALSE
"2",1980,1980-06-26,0.999999516849854,"New",1,FALSE
"2",1983,1983-06-21,0.0535531602043844,"New",1,FALSE
"2",1983,1983-06-14,0.00569926784144557,"New",1,FALSE
"2",1983,1983-06-26,0.830925683760421,"New",1,FALSE
"2",1985,1985-06-21,0.0062601153187191,"New",1,FALSE
"2",1985,1985-06-14,0.00109767358066362,"New",1,FALSE
"2",1985,1985-06-26,0.780662554321005,"New",1,FALSE
"2",1986,1986-06-14,0.99998293851962,"New",1,FALSE
"2",1986,1986-06-07,0.0103409155941913,"New",1,FALSE
"2",1986,1986-06-16,0.999999804252677,"New",1,FALSE
"2",1987,1987-06-21,0.66945715600604,"New",1,FALSE
"2",1987,1987-06-07,0.126371800743784,"New",1,FALSE
"2",1987,1987-06-10,0.272779560321021,"New",1,FALSE
"2",1987,1987-06-15,0.443183846443944,"New",1,FALSE
"2",1987,1987-06-17,0.561154810739847,"New",1,FALSE
"2",1987,1987-06-19,0.530897548809653,"New",1,FALSE
"2",1997,1997-07-02,0.785207802677306,"New",1,FALSE
"2",2000,2000-06-21,0.00338879052370953,"New",1,FALSE
"2",2011,2011-06-25,2.49316855444074e-06,"New",1,FALSE
"2",2011,2011-07-02,5.56766818343716e-05,"New",1,FALSE
"2",2011,2011-07-09,0.000170137632982267,"New",1,FALSE
"2",2011,2011-07-16,0.00149048134700407,"New",1,FALSE
"2",2012,2012-06-21,0.00942055446352338,"New",1,FALSE
"2a",1975,1975-07-02,0.555424826471148,"New",1,FALSE
"2a",1975,1975-07-09,0.0644088775354399,"New",1,FALSE
"2a",1975,1975-07-07,0.0264166824770681,"New",1,FALSE
"2a",1987,1987-06-14,0.893960715502331,"New",1,FALSE
"2a",1987,1987-06-07,0.265595489294868,"New",1,FALSE
"2a",1987,1987-06-18,0.993989043005759,"New",1,FALSE
"2a",1997,1997-07-07,0.933429412378352,"New",1,FALSE
"2a",2000,2000-06-21,0.00341845375279088,"New",1,FALSE
"2a",2011,2011-06-25,2.93487022152305e-06,"New",1,FALSE
"2a",2011,2011-07-02,6.24965364805835e-05,"New",1,FALSE
"2a",2011,2011-07-09,0.000225124839834397,"New",1,FALSE
"2a",2011,2011-07-16,0.00211693079047849,"New",1,FALSE
"2b",1930,1930-06-22,0.0132083393718558,"New",1,FALSE
"2b",1930,1930-06-24,0.024453589490447,"New",1,FALSE
"2b",1930,1930-06-26,0.0401935767320956,"New",1,FALSE
"2b",1949,1949-06-21,0.0915019471163733,"New",1,FALSE
"2b",1949,1949-06-16,0.000958995979893538,"New",1,FALSE
"2b",1949,1949-06-23,0.102739726464663,"New",1,FALSE
"2b",1966,1966-06-21,0.00845750066179464,"New",1,FALSE
"2b",1966,1966-06-25,0.0462161577783026,"New",1,FALSE
"2b",1966,1966-07-02,0.999986690207323,"New",1,FALSE
"2b",1975,1975-07-02,0.594461089212111,"New",1,FALSE
"2b",1975,1975-07-09,0.0597326987891766,"New",1,FALSE
"2b",1975,1975-07-07,0.0400275776946338,"New",1,FALSE
"2b",1976,1976-06-21,0.149827208217269,"New",1,FALSE
"2b",1980,1980-06-21,0.0185402224779082,"New",1,FALSE
"2b",1980,1980-06-18,0.0310606405298049,"New",1,FALSE
"2b",1980,1980-06-25,0.209102144884977,"New",1,FALSE
"2b",1980,1980-06-23,0.0787319092150156,"New",1,FALSE
"2b",1980,1980-06-27,0.247041324670234,"New",1,FALSE
"2b",1982,1982-06-21,0.979487934324064,"New",1,FALSE
"2b",1983,1983-06-21,0.060022613134518,"New",1,FALSE
"2b",1983,1983-06-18,0.0175166260694589,"New",1,FALSE
"2b",1983,1983-06-25,0.711706599652242,"New",1,FALSE
"2b",1983,1983-06-23,0.227497740276078,"New",1,FALSE
"2b",1983,1983-06-27,0.95273206457389,"New",1,FALSE
"2b",1985,1985-06-21,0.00158414663665286,"New",1,FALSE
"2b",1985,1985-06-18,0.00101847727995516,"New",1,FALSE
"2b",1985,1985-06-23,0.00330053993673514,"New",1,FALSE
"2b",1985,1985-06-25,0.00668070457974381,"New",1,FALSE
"2b",1985,1985-06-27,0.0099009806796427,"New",1,FALSE
"2b",1986,1986-06-14,0.99998679071759,"New",1,FALSE
"2b",1986,1986-06-07,0.0229068953367465,"New",1,FALSE
"2b",1986,1986-06-17,0.999992934445231,"New",1,FALSE
"2b",1986,1986-06-15,0.999999667695755,"New",1,FALSE
"2b",1987,1987-06-21,0.300064838385166,"New",1,FALSE
"2b",1987,1987-06-18,0.245880900840265,"New",1,FALSE
"2b",1987,1987-06-25,0.555682667695939,"New",1,FALSE
"2b",1987,1987-06-23,0.380826319709456,"New",1,FALSE
"2b",1997,1997-07-02,0.771709341006554,"New",1,FALSE
"2b",2000,2000-06-21,0.0022547999517035,"New",1,FALSE
"2b",2000,2000-06-14,0.00534421713400148,"New",1,FALSE
"2b",2011,2011-06-25,2.51906849311893e-06,"New",1,FALSE
"2b",2011,2011-07-02,5.91332105559792e-05,"New",1,FALSE
"2b",2011,2011-07-09,0.000152104666309917,"New",1,FALSE
"2b",2011,2011-07-16,0.00204369580628696,"New",1,FALSE
"2b",2012,2012-06-21,0.00566810748170138,"New",1,FALSE
"NA",1953,1953-07-14,0.0110390288664905,"New",1,FALSE
"NA",1975,1975-07-02,0.594115480654228,"New",1,FALSE
"NA",1975,1975-07-09,0.0595621229610398,"New",1,FALSE
"NA",1975,1975-07-16,0.233580584900529,"New",1,FALSE
"NA",1975,1975-07-07,0.0398825327618537,"New",1,FALSE
"NA",1976,1976-06-21,0.149994757127556,"New",1,FALSE
"NA",1997,1997-07-02,0.771567579858345,"New",1,FALSE
"NA",2011,2011-06-25,2.65615546989208e-06,"New",1,FALSE
"NA",2011,2011-07-02,6.24965364805835e-05,"New",1,FALSE
"NA",2011,2011-07-09,0.000162547396477064,"New",1,FALSE
"NA",2011,2011-07-16,0.00129828986825378,"New",1,FALSE
"1",1930,1930-06-17,0.0105877289937954,"Old",0.9,FALSE
"1",1930,1930-06-24,0.0295990265914583,"Old",0.9,FALSE
"1",1966,1966-06-21,0.093107558054246,"Old",0.9,FALSE
"1",1966,1966-06-25,0.719047686294293,"Old",0.9,FALSE
"1",1966,1966-07-02,0.972550085370941,"Old",0.9,FALSE
"1",1975,1975-07-02,0.269781180446239,"Old",0.9,FALSE
"1",1975,1975-07-09,0.0289656910395154,"Old",0.9,FALSE
"1",1975,1975-07-07,0.0156306301286957,"Old",0.9,FALSE
"1",1975,1975-07-16,0.166363216181432,"Old",0.9,FALSE
"1",1976,1976-06-21,0.10746490702662,"Old",0.9,FALSE
"1",1980,1980-06-21,0.0586401359342332,"Old",0.9,FALSE
"1",1980,1980-06-18,0.0212780042768031,"Old",0.9,FALSE
"1",1980,1980-06-25,0.940985052069544,"Old",0.9,FALSE
"1",1983,1983-06-21,0.128567547013238,"Old",0.9,FALSE
"1",1983,1983-06-18,0.0315078652146852,"Old",0.9,FALSE
"1",1983,1983-06-23,0.492488720086483,"Old",0.9,FALSE
"1",1983,1983-06-25,0.881539053510004,"Old",0.9,FALSE
"1",1985,1985-06-21,0.00327340759960172,"Old",0.9,FALSE
"1",1985,1985-06-18,0.00171131064607784,"Old",0.9,FALSE
"1",1985,1985-06-25,0.0400986718393154,"Old",0.9,FALSE
"1",1986,1986-06-14,0.993170957912241,"Old",0.9,FALSE
"1",1986,1986-06-10,0.157943867188336,"Old",0.9,FALSE
"1",1986,1986-06-17,0.997090553437494,"Old",0.9,FALSE
"1",1987,1987-06-21,0.821560270739852,"Old",0.9,FALSE
"1",1987,1987-06-10,0.165954565981862,"Old",0.9,FALSE
"1",1987,1987-06-15,0.335869654648199,"Old",0.9,FALSE
"1",1987,1987-06-17,0.455242226310394,"Old",0.9,FALSE
"1",1987,1987-06-18,0.477868656645467,"Old",0.9,FALSE
"1",1987,1987-06-25,0.974451446257824,"Old",0.9,FALSE
"1",1997,1997-07-02,0.671125894958368,"Old",0.9,FALSE
"1",2000,2000-06-14,1.97538721984458e-05,"Old",0.9,FALSE
"1",2000,2000-06-21,0.131965622660095,"Old",0.9,FALSE
"1",2011,2011-06-25,2.79860364975367e-05,"Old",0.9,FALSE
"1",2011,2011-07-02,0.00032715004586606,"Old",0.9,FALSE
"1",2011,2011-07-09,0.000930268312524582,"Old",0.9,FALSE
"1",2011,2011-07-16,0.00550392343912076,"Old",0.9,FALSE
"1",2012,2012-06-21,0.027624106309489,"Old",0.9,FALSE
"1a",1975,1975-07-02,0.192528588142768,"Old",0.9,FALSE
"1a",1975,1975-07-07,0.0154572624483512,"Old",0.9,FALSE
"1a",1975,1975-07-09,0.0286943365363797,"Old",0.9,FALSE
"1a",1975,1975-07-16,0.16524933454942,"Old",0.9,FALSE
"1a",1987,1987-06-14,0.927094398042664,"Old",0.9,FALSE
"1a",1987,1987-06-07,0.226004826621113,"Old",0.9,FALSE
"1a",1997,1997-07-02,0.671289019086621,"Old",0.9,FALSE
"1a",2000,2000-06-21,0.00484091521237435,"Old",0.9,FALSE
"1a",2011,2011-06-25,2.78753167602388e-05,"Old",0.9,FALSE
"1a",2011,2011-07-02,0.000317145643701742,"Old",0.9,FALSE
"1a",2011,2011-07-09,0.000779357770502551,"Old",0.9,FALSE
"1a",2011,2011-07-16,0.00323708071946404,"Old",0.9,FALSE
"1a",2012,2012-06-21,0.0110442549759921,"Old",0.9,FALSE
"1b",1930,1930-06-22,0.0150765514534613,"Old",0.9,FALSE
"1b",1930,1930-06-24,0.0271063382096404,"Old",0.9,FALSE
"1b",1930,1930-06-26,0.0344748891463119,"Old",0.9,FALSE
"1b",1949,1949-06-21,0.197221933886046,"Old",0.9,FALSE
"1b",1949,1949-06-17,0.00217407305157646,"Old",0.9,FALSE
"1b",1949,1949-06-24,0.0816920490035367,"Old",0.9,FALSE
"1b",1966,1966-06-21,0.00557235372983395,"Old",0.9,FALSE
"1b",1975,1975-07-02,0.099631604455145,"Old",0.9,FALSE
"1b",1975,1975-07-09,0.0270896354208166,"Old",0.9,FALSE
"1b",1975,1975-07-16,0.159900108527121,"Old",0.9,FALSE
"1b",1975,1975-07-07,0.0105743426427205,"Old",0.9,FALSE
"1b",1976,1976-06-21,0.107018893409828,"Old",0.9,FALSE
"1b",1980,1980-06-21,0.00744355957204517,"Old",0.9,FALSE
"1b",1980,1980-06-19,0.00930471362107026,"Old",0.9,FALSE
"1b",1980,1980-06-26,0.130745070136359,"Old",0.9,FALSE
"1b",1980,1980-06-24,0.0260909719644632,"Old",0.9,FALSE
"1b",1983,1983-06-21,0.0584181377143988,"Old",0.9,FALSE
"1b",1983,1983-06-28,0.893353162451411,"Old",0.9,FALSE
"1b",1983,1983-06-26,0.692832965600542,"Old",0.9,FALSE
"1b",1983,1983-06-30,0.930478850347668,"Old",0.9,FALSE
"1b",1985,1985-06-25,0.00430475502481811,"Old",0.9,FALSE
"1b",1985,1985-06-21,0.00128229718455647,"Old",0.9,FALSE
"1b",1985,1985-06-28,0.0991684579116456,"Old",0.9,FALSE
"1b",1985,1985-06-26,0.0046330901200109,"Old",0.9,FALSE
"1b",1985,1985-06-30,0.293663898100515,"Old",0.9,FALSE
"1b",1986,1986-06-07,0.0363598243326878,"Old",0.9,FALSE
"1b",1986,1986-06-14,0.994201008427419,"Old",0.9,FALSE
"1b",1987,1987-06-21,0.279697104252737,"Old",0.9,FALSE
"1b",1987,1987-06-18,0.155934144801283,"Old",0.9,FALSE
"1b",1987,1987-06-25,0.459660371186026,"Old",0.9,FALSE
"1b",1987,1987-06-23,0.305141279021237,"Old",0.9,FALSE
"1b",1987,1987-06-27,0.699478117720244,"Old",0.9,FALSE
"1b",1994,1994-06-21,0.0390431472223487,"Old",0.9,FALSE
"1b",1994,1994-06-14,0.00145577314545811,"Old",0.9,FALSE
"1b",1994,1994-06-22,0.031441008029475,"Old",0.9,FALSE
"1b",1994,1994-06-24,0.109106284696505,"Old",0.9,FALSE
"1b",2000,2000-06-21,0.00325714399772483,"Old",0.9,FALSE
"1b",2000,2000-06-14,0.00067917321093023,"Old",0.9,FALSE
"1b",2000,2000-06-23,0.601661975386026,"Old",0.9,FALSE
"1b",2011,2011-06-25,2.64801532746752e-05,"Old",0.9,FALSE
"1b",2011,2011-07-02,0.000299574274242107,"Old",0.9,FALSE
"1b",2011,2011-07-09,0.000609211152930578,"Old",0.9,FALSE
"1b",2011,2011-07-16,0.0030082285688505,"Old",0.9,FALSE
"1b",2012,2012-06-21,0.0131649797999308,"Old",0.9,FALSE
"2",1975,1975-07-02,0.257160867957795,"Old",0.9,FALSE
"2",1975,1975-07-09,0.0271556349586739,"Old",0.9,FALSE
"2",1975,1975-07-07,0.0106190617677182,"Old",0.9,FALSE
"2",1976,1976-06-21,0.0890897179458157,"Old",0.9,FALSE
"2",1980,1980-06-21,0.0739529404238788,"Old",0.9,FALSE
"2",1980,1980-06-14,0.00991434761408146,"Old",0.9,FALSE
"2",1980,1980-06-26,0.990848925836336,"Old",0.9,FALSE
"2",1983,1983-06-21,0.0645410380059028,"Old",0.9,FALSE
"2",1983,1983-06-14,0.00718689030342045,"Old",0.9,FALSE
"2",1983,1983-06-26,0.744948648893128,"Old",0.9,FALSE
"2",1985,1985-06-21,0.00705802618642686,"Old",0.9,FALSE
"2",1985,1985-06-14,0.00111494873715119,"Old",0.9,FALSE
"2",1985,1985-06-26,0.439952911731387,"Old",0.9,FALSE
"2",1986,1986-06-14,0.994806780511014,"Old",0.9,FALSE
"2",1986,1986-06-07,0.00962387674519815,"Old",0.9,FALSE
"2",1986,1986-06-16,0.998754270359541,"Old",0.9,FALSE
"2",1987,1987-06-21,0.669665900321352,"Old",0.9,FALSE
"2",1987,1987-06-07,0.0997920558707925,"Old",0.9,FALSE
"2",1987,1987-06-10,0.179541681625333,"Old",0.9,FALSE
"2",1987,1987-06-15,0.349976402467502,"Old",0.9,FALSE
"2",1987,1987-06-17,0.455183907177433,"Old",0.9,FALSE
"2",1987,1987-06-19,0.481990476795282,"Old",0.9,FALSE
"2",1997,1997-07-02,0.681261554588522,"Old",0.9,FALSE
"2",2000,2000-06-21,0.00771182446528878,"Old",0.9,FALSE
"2",2011,2011-06-25,2.58649847653147e-05,"Old",0.9,FALSE
"2",2011,2011-07-02,0.000299775534171365,"Old",0.9,FALSE
"2",2011,2011-07-09,0.000730957248686799,"Old",0.9,FALSE
"2",2011,2011-07-16,0.00400211404522931,"Old",0.9,FALSE
"2",2012,2012-06-21,0.0217127958925748,"Old",0.9,FALSE
"2a",1975,1975-07-02,0.213390423978918,"Old",0.9,FALSE
"2a",1975,1975-07-09,0.0298715983769004,"Old",0.9,FALSE
"2a",1975,1975-07-07,0.0119270448744494,"Old",0.9,FALSE
"2a",1987,1987-06-14,0.798675151724604,"Old",0.9,FALSE
"2a",1987,1987-06-07,0.217859989296822,"Old",0.9,FALSE
"2a",1987,1987-06-18,0.979614803010609,"Old",0.9,FALSE
"2a",1997,1997-07-07,0.822533085457306,"Old",0.9,FALSE
"2a",2000,2000-06-21,0.0077565133893985,"Old",0.9,FALSE
"2a",2011,2011-06-25,2.78978629188074e-05,"Old",0.9,FALSE
"2a",2011,2011-07-02,0.000326247582834716,"Old",0.9,FALSE
"2a",2011,2011-07-09,0.000927829380308986,"Old",0.9,FALSE
"2a",2011,2011-07-16,0.00549166662816084,"Old",0.9,FALSE
"2b",1930,1930-06-22,0.0173162063804553,"Old",0.9,FALSE
"2b",1930,1930-06-24,0.0312300660850063,"Old",0.9,FALSE
"2b",1930,1930-06-26,0.0538707884093571,"Old",0.9,FALSE
"2b",1949,1949-06-21,0.149544695612254,"Old",0.9,FALSE
"2b",1949,1949-06-16,0.00142853196519678,"Old",0.9,FALSE
"2b",1949,1949-06-23,0.215698917930265,"Old",0.9,FALSE
"2b",1966,1966-06-21,0.00730731694629532,"Old",0.9,FALSE
"2b",1966,1966-06-25,0.0277358113255063,"Old",0.9,FALSE
"2b",1966,1966-07-02,0.984092181178644,"Old",0.9,FALSE
"2b",1975,1975-07-02,0.179641988860555,"Old",0.9,FALSE
"2b",1975,1975-07-09,0.0274445209234761,"Old",0.9,FALSE
"2b",1975,1975-07-07,0.0146480848114547,"Old",0.9,FALSE
"2b",1976,1976-06-21,0.107183777997778,"Old",0.9,FALSE
"2b",1980,1980-06-21,0.00757392550306045,"Old",0.9,FALSE
"2b",1980,1980-06-18,0.00941182413855086,"Old",0.9,FALSE
"2b",1980,1980-06-25,0.0447354652789464,"Old",0.9,FALSE
"2b",1980,1980-06-23,0.0258239573295384,"Old",0.9,FALSE
"2b",1980,1980-06-27,0.0682511388825906,"Old",0.9,FALSE
"2b",1982,1982-06-21,0.887663498172136,"Old",0.9,FALSE
"2b",1983,1983-06-21,0.0624842097939608,"Old",0.9,FALSE
"2b",1983,1983-06-18,0.019748721581482,"Old",0.9,FALSE
"2b",1983,1983-06-25,0.669056535444916,"Old",0.9,FALSE
"2b",1983,1983-06-23,0.217131720928765,"Old",0.9,FALSE
"2b",1983,1983-06-27,0.918564443842592,"Old",0.9,FALSE
"2b",1985,1985-06-21,0.00160518510203879,"Old",0.9,FALSE
"2b",1985,1985-06-18,0.00093232136501758,"Old",0.9,FALSE
"2b",1985,1985-06-23,0.00305299430246972,"Old",0.9,FALSE
"2b",1985,1985-06-25,0.00514007234835094,"Old",0.9,FALSE
"2b",1985,1985-06-27,0.00785510223416268,"Old",0.9,FALSE
"2b",1986,1986-06-14,0.995109072842621,"Old",0.9,FALSE
"2b",1986,1986-06-07,0.020034664555413,"Old",0.9,FALSE
"2b",1986,1986-06-17,0.997109041040164,"Old",0.9,FALSE
"2b",1986,1986-06-15,0.998578418322987,"Old",0.9,FALSE
"2b",1987,1987-06-21,0.270435461685022,"Old",0.9,FALSE
"2b",1987,1987-06-18,0.196960978736181,"Old",0.9,FALSE
"2b",1987,1987-06-25,0.482854669927691,"Old",0.9,FALSE
"2b",1987,1987-06-23,0.34487166680208,"Old",0.9,FALSE
"2b",1997,1997-07-02,0.671067434884117,"Old",0.9,FALSE
"2b",2000,2000-06-21,0.00520042793462035,"Old",0.9,FALSE
"2b",2000,2000-06-14,0.00201604941831634,"Old",0.9,FALSE
"2b",2011,2011-06-25,2.61130377444436e-05,"Old",0.9,FALSE
"2b",2011,2011-07-02,0.000310774988759133,"Old",0.9,FALSE
"2b",2011,2011-07-09,0.000741288621399752,"Old",0.9,FALSE
"2b",2011,2011-07-16,0.00531797037117733,"Old",0.9,FALSE
"2b",2012,2012-06-21,0.0133086273350839,"Old",0.9,FALSE
"NA",1953,1953-07-14,0.0144138586838621,"Old",0.9,FALSE
"NA",1975,1975-07-02,0.179368657494537,"Old",0.9,FALSE
"NA",1975,1975-07-09,0.0273549175656073,"Old",0.9,FALSE
"NA",1975,1975-07-16,0.161007892099073,"Old",0.9,FALSE
"NA",1975,1975-07-07,0.0145888038312542,"Old",0.9,FALSE
"NA",1976,1976-06-21,0.107318808221421,"Old",0.9,FALSE
"NA",1997,1997-07-02,0.670893071020394,"Old",0.9,FALSE
"NA",2011,2011-06-25,2.72568234503093e-05,"Old",0.9,FALSE
"NA",2011,2011-07-02,0.000326247582834716,"Old",0.9,FALSE
"NA",2011,2011-07-09,0.00078588258247355,"Old",0.9,FALSE
"NA",2011,2011-07-16,0.00417945519185417,"Old",0.9,FALSE
"1",1930,1930-06-17,0.00636075924668967,"Old",1,FALSE
"1",1930,1930-06-24,0.014480356268989,"Old",1,FALSE
"1",1966,1966-06-21,0.0228754457147027,"Old",1,FALSE
"1",1966,1966-06-25,0.211195925797226,"Old",1,FALSE
"1",1966,1966-07-02,0.645633044145374,"Old",1,FALSE
"1",1975,1975-07-02,0.0525672491989548,"Old",1,FALSE
"1",1975,1975-07-09,0.00609102826587966,"Old",1,FALSE
"1",1975,1975-07-07,0.00232841475984603,"Old",1,FALSE
"1",1975,1975-07-16,0.0625472856583082,"Old",1,FALSE
"1",1976,1976-06-21,0.0235229204211114,"Old",1,FALSE
"1",1980,1980-06-21,0.00428439548363081,"Old",1,FALSE
"1",1980,1980-06-18,0.00147098997874869,"Old",1,FALSE
"1",1980,1980-06-25,0.501195597845661,"Old",1,FALSE
"1",1983,1983-06-21,0.058897285349007,"Old",1,FALSE
"1",1983,1983-06-18,0.0131972459199898,"Old",1,FALSE
"1",1983,1983-06-23,0.239981559029334,"Old",1,FALSE
"1",1983,1983-06-25,0.598454186735093,"Old",1,FALSE
"1",1985,1985-06-21,0.0018737114404551,"Old",1,FALSE
"1",1985,1985-06-18,0.000964164690806258,"Old",1,FALSE
"1",1985,1985-06-25,0.0110525825688293,"Old",1,FALSE
"1",1986,1986-06-14,0.877047766564819,"Old",1,FALSE
"1",1986,1986-06-10,0.046170359089932,"Old",1,FALSE
"1",1986,1986-06-17,0.920832347609192,"Old",1,FALSE
"1",1987,1987-06-21,0.59707827944401,"Old",1,FALSE
"1",1987,1987-06-10,0.0691105523229897,"Old",1,FALSE
"1",1987,1987-06-15,0.172597905031242,"Old",1,FALSE
"1",1987,1987-06-17,0.246646479984635,"Old",1,FALSE
"1",1987,1987-06-18,0.271864972214876,"Old",1,FALSE
"1",1987,1987-06-25,0.866168349580548,"Old",1,FALSE
"1",1997,1997-07-02,0.422327612403231,"Old",1,FALSE
"1",2000,2000-06-14,1.40638313849083e-05,"Old",1,FALSE
"1",2000,2000-06-21,0.00788985820302476,"Old",1,FALSE
"1",2011,2011-06-25,4.4940124601049e-06,"Old",1,FALSE
"1",2011,2011-07-02,5.60333226377433e-05,"Old",1,FALSE
"1",2011,2011-07-09,0.000221106816845741,"Old",1,FALSE
"1",2011,2011-07-16,0.00146372414568295,"Old",1,FALSE
"1",2012,2012-06-21,0.00948635834842996,"Old",1,FALSE
"1a",1975,1975-07-02,0.0299961757607174,"Old",1,FALSE
"1a",1975,1975-07-07,0.00229606519003097,"Old",1,FALSE
"1a",1975,1975-07-09,0.00601767608546036,"Old",1,FALSE
"1a",1975,1975-07-16,0.0619992387532848,"Old",1,FALSE
"1a",1987,1987-06-14,0.708815270027595,"Old",1,FALSE
"1a",1987,1987-06-07,0.115615581519777,"Old",1,FALSE
"1a",1997,1997-07-02,0.422498833798211,"Old",1,FALSE
"1a",2000,2000-06-21,0.00187513406960724,"Old",1,FALSE
"1a",2011,2011-06-25,4.47378264792109e-06,"Old",1,FALSE
"1a",2011,2011-07-02,5.29808215348768e-05,"Old",1,FALSE
"1a",2011,2011-07-09,0.000178639755500747,"Old",1,FALSE
"1a",2011,2011-07-16,0.000820280246916679,"Old",1,FALSE
"1a",2012,2012-06-21,0.00360660544248347,"Old",1,FALSE
"1b",1930,1930-06-22,0.00854259291408096,"Old",1,FALSE
"1b",1930,1930-06-24,0.0146723924623382,"Old",1,FALSE
"1b",1930,1930-06-26,0.0193480128096011,"Old",1,FALSE
"1b",1949,1949-06-21,0.0266886625047824,"Old",1,FALSE
"1b",1949,1949-06-17,0.00100126362090226,"Old",1,FALSE
"1b",1949,1949-06-24,0.0193216529163589,"Old",1,FALSE
"1b",1966,1966-06-21,0.00277065955884777,"Old",1,FALSE
"1b",1975,1975-07-02,0.0133897625651583,"Old",1,FALSE
"1b",1975,1975-07-09,0.00564752201016201,"Old",1,FALSE
"1b",1975,1975-07-16,0.0595941760070773,"Old",1,FALSE
"1b",1975,1975-07-07,0.00164049400680996,"Old",1,FALSE
"1b",1976,1976-06-21,0.0233952479330749,"Old",1,FALSE
"1b",1980,1980-06-21,0.00106185048351821,"Old",1,FALSE
"1b",1980,1980-06-19,0.000961836861498021,"Old",1,FALSE
"1b",1980,1980-06-26,0.0101952959290112,"Old",1,FALSE
"1b",1980,1980-06-24,0.00202217363041786,"Old",1,FALSE
"1b",1983,1983-06-21,0.0238203083435427,"Old",1,FALSE
"1b",1983,1983-06-28,0.618264951413214,"Old",1,FALSE
"1b",1983,1983-06-26,0.373505670619745,"Old",1,FALSE
"1b",1983,1983-06-30,0.6895429740108,"Old",1,FALSE
"1b",1985,1985-06-25,0.00196185645934022,"Old",1,FALSE
"1b",1985,1985-06-21,0.000844006062563745,"Old",1,FALSE
"1b",1985,1985-06-28,0.015027010597306,"Old",1,FALSE
"1b",1985,1985-06-26,0.00214809491630164,"Old",1,FALSE
"1b",1985,1985-06-30,0.0426299551912543,"Old",1,FALSE
"1b",1986,1986-06-07,0.00737943382437336,"Old",1,FALSE
"1b",1986,1986-06-14,0.879415239544598,"Old",1,FALSE
"1b",1987,1987-06-21,0.142254910749625,"Old",1,FALSE
"1b",1987,1987-06-18,0.0718193068312479,"Old",1,FALSE
"1b",1987,1987-06-25,0.279694951510285,"Old",1,FALSE
"1b",1987,1987-06-23,0.163697612988952,"Old",1,FALSE
"1b",1987,1987-06-27,0.497648763738471,"Old",1,FALSE
"1b",1994,1994-06-21,0.00752480288393009,"Old",1,FALSE
"1b",1994,1994-06-14,0.000505002382069389,"Old",1,FALSE
"1b",1994,1994-06-22,0.00721149849312747,"Old",1,FALSE
"1b",1994,1994-06-24,0.0152356736508372,"Old",1,FALSE
"1b",2000,2000-06-21,0.00120001466658007,"Old",1,FALSE
"1b",2000,2000-06-14,5.7248958488912e-05,"Old",1,FALSE
"1b",2000,2000-06-23,0.110495575363921,"Old",1,FALSE
"1b",2011,2011-06-25,4.21587399026583e-06,"Old",1,FALSE
"1b",2011,2011-07-02,4.96268470251103e-05,"Old",1,FALSE
"1b",2011,2011-07-09,0.000134724431480728,"Old",1,FALSE
"1b",2011,2011-07-16,0.000756152710653862,"Old",1,FALSE
"1b",2012,2012-06-21,0.00461402565567561,"Old",1,FALSE
"2",1975,1975-07-02,0.0487814986407861,"Old",1,FALSE
"2",1975,1975-07-09,0.0056646789535939,"Old",1,FALSE
"2",1975,1975-07-07,0.00164868079453366,"Old",1,FALSE
"2",1976,1976-06-21,0.0188696275122913,"Old",1,FALSE
"2",1980,1980-06-21,0.0065131076028376,"Old",1,FALSE
"2",1980,1980-06-14,0.0011037841783631,"Old",1,FALSE
"2",1980,1980-06-26,0.767207299691585,"Old",1,FALSE
"2",1983,1983-06-21,0.0202277903936248,"Old",1,FALSE
"2",1983,1983-06-14,0.00222222137862297,"Old",1,FALSE
"2",1983,1983-06-26,0.326515109842885,"Old",1,FALSE
"2",1985,1985-06-21,0.00305685368283872,"Old",1,FALSE
"2",1985,1985-06-14,0.000652000746076418,"Old",1,FALSE
"2",1985,1985-06-26,0.0779567830994893,"Old",1,FALSE
"2",1986,1986-06-14,0.898296335812174,"Old",1,FALSE
"2",1986,1986-06-07,0.002537759746049,"Old",1,FALSE
"2",1986,1986-06-16,0.943685859743267,"Old",1,FALSE
"2",1987,1987-06-21,0.487897269166822,"Old",1,FALSE
"2",1987,1987-06-07,0.0465847715356443,"Old",1,FALSE
"2",1987,1987-06-10,0.0778463201244964,"Old",1,FALSE
"2",1987,1987-06-15,0.192071033204818,"Old",1,FALSE
"2",1987,1987-06-17,0.266718329579221,"Old",1,FALSE
"2",1987,1987-06-19,0.311516706196869,"Old",1,FALSE
"2",1997,1997-07-02,0.431772716886493,"Old",1,FALSE
"2",2000,2000-06-21,0.00304238120472277,"Old",1,FALSE
"2",2011,2011-06-25,4.00720697393094e-06,"Old",1,FALSE
"2",2011,2011-07-02,4.96655814179103e-05,"Old",1,FALSE
"2",2011,2011-07-09,0.000166244728831935,"Old",1,FALSE
"2",2011,2011-07-16,0.00101829798220382,"Old",1,FALSE
"2",2012,2012-06-21,0.00749610518847213,"Old",1,FALSE
"2a",1975,1975-07-02,0.0376024203811843,"Old",1,FALSE
"2a",1975,1975-07-09,0.00633037911925386,"Old",1,FALSE
"2a",1975,1975-07-07,0.00188355614385861,"Old",1,FALSE
"2a",1987,1987-06-14,0.576135171472996,"Old",1,FALSE
"2a",1987,1987-06-07,0.115608125948641,"Old",1,FALSE
"2a",1987,1987-06-18,0.879853513916586,"Old",1,FALSE
"2a",1997,1997-07-07,0.599919609751511,"Old",1,FALSE
"2a",2000,2000-06-21,0.00320229200504385,"Old",1,FALSE
"2a",2011,2011-06-25,4.4777416589178e-06,"Old",1,FALSE
"2a",2011,2011-07-02,5.58574331593762e-05,"Old",1,FALSE
"2a",2011,2011-07-09,0.000220480797129998,"Old",1,FALSE
"2a",2011,2011-07-16,0.00146001707524184,"Old",1,FALSE
"2b",1930,1930-06-22,0.00985657078048427,"Old",1,FALSE
"2b",1930,1930-06-24,0.0179327618262707,"Old",1,FALSE
"2b",1930,1930-06-26,0.0291165571449746,"Old",1,FALSE
"2b",1949,1949-06-21,0.0252014004072216,"Old",1,FALSE
"2b",1949,1949-06-16,0.00070319576771282,"Old",1,FALSE
"2b",1949,1949-06-23,0.0368667923564681,"Old",1,FALSE
"2b",1966,1966-06-21,0.00363031154850922,"Old",1,FALSE
"2b",1966,1966-06-25,0.0110392531818341,"Old",1,FALSE
"2b",1966,1966-07-02,0.750043828277057,"Old",1,FALSE
"2b",1975,1975-07-02,0.0295685936887805,"Old",1,FALSE
"2b",1975,1975-07-09,0.00574153774419189,"Old",1,FALSE
"2b",1975,1975-07-07,0.00217407655259064,"Old",1,FALSE
"2b",1976,1976-06-21,0.0234477987803633,"Old",1,FALSE
"2b",1980,1980-06-21,0.00112374467356345,"Old",1,FALSE
"2b",1980,1980-06-18,0.00087730307346599,"Old",1,FALSE
"2b",1980,1980-06-25,0.0042177458436968,"Old",1,FALSE
"2b",1980,1980-06-23,0.00294344441476628,"Old",1,FALSE
"2b",1980,1980-06-27,0.0052591592415042,"Old",1,FALSE
"2b",1982,1982-06-21,0.443794189261449,"Old",1,FALSE
"2b",1983,1983-06-21,0.0263173126528967,"Old",1,FALSE
"2b",1983,1983-06-18,0.00772163995210621,"Old",1,FALSE
"2b",1983,1983-06-25,0.352873342420854,"Old",1,FALSE
"2b",1983,1983-06-23,0.0869870210461483,"Old",1,FALSE
"2b",1983,1983-06-27,0.648411453375095,"Old",1,FALSE
"2b",1985,1985-06-21,0.000977615459756992,"Old",1,FALSE
"2b",1985,1985-06-18,0.000526285352786033,"Old",1,FALSE
"2b",1985,1985-06-23,0.00178642786163633,"Old",1,FALSE
"2b",1985,1985-06-25,0.00270499357760646,"Old",1,FALSE
"2b",1985,1985-06-27,0.00360972051659738,"Old",1,FALSE
"2b",1986,1986-06-14,0.894675830364304,"Old",1,FALSE
"2b",1986,1986-06-07,0.00470961179000013,"Old",1,FALSE
"2b",1986,1986-06-17,0.921107854514343,"Old",1,FALSE
"2b",1986,1986-06-15,0.934313147810202,"Old",1,FALSE
"2b",1987,1987-06-21,0.147899609518028,"Old",1,FALSE
"2b",1987,1987-06-18,0.0949730584304185,"Old",1,FALSE
"2b",1987,1987-06-25,0.316032709163716,"Old",1,FALSE
"2b",1987,1987-06-23,0.198089685341651,"Old",1,FALSE
"2b",1997,1997-07-02,0.422243617669282,"Old",1,FALSE
"2b",2000,2000-06-21,0.00216747299721664,"Old",1,FALSE
"2b",2000,2000-06-14,0.000259685581562303,"Old",1,FALSE
"2b",2011,2011-06-25,4.04886929704359e-06,"Old",1,FALSE
"2b",2011,2011-07-02,5.28326154271513e-05,"Old",1,FALSE
"2b",2011,2011-07-09,0.000170324346920117,"Old",1,FALSE
"2b",2011,2011-07-16,0.00140806356915051,"Old",1,FALSE
"2b",2012,2012-06-21,0.00466927308781267,"Old",1,FALSE
"NA",1953,1953-07-14,0.00704022742121904,"Old",1,FALSE
"NA",1975,1975-07-02,0.0294882078384228,"Old",1,FALSE
"NA",1975,1975-07-09,0.00571741217486382,"Old",1,FALSE
"NA",1975,1975-07-16,0.0601381707881988,"Old",1,FALSE
"NA",1975,1975-07-07,0.00216299122979719,"Old",1,FALSE
"NA",1976,1976-06-21,0.0234897666273819,"Old",1,FALSE
"NA",1997,1997-07-02,0.422060543710935,"Old",1,FALSE
"NA",2011,2011-06-25,4.25792239347394e-06,"Old",1,FALSE
"NA",2011,2011-07-02,5.58574331593762e-05,"Old",1,FALSE
"NA",2011,2011-07-09,0.000181875908710211,"Old",1,FALSE
"NA",2011,2011-07-16,0.00109103866642057,"Old",1,FALSE
